,Link,Text,Label
0,https://t.me/nrpublic/16462,Лукашенко відхрещується: Білоруські війська не беруть жодної участі у російській спецоперації в Україні,False
1,https://t.me/nrpublic/16475,"Лукашенко: військове керівництво України було попереджено про можливу російську спецоперацію, але не зробило жодних кроків",False
2,https://t.me/nrpublic/16484,Лукашенко: не можна допустити кровопролиття та повномасштабної війни в Україні,False
3,https://t.me/nrpublic/16487,ФСБ: о 9:40 ранку з боку України обстріляли російський прикордонний пункт Теткіно у Курській області Потерпілих немає. Вогнем у відповідь російських прикордонників нападники вбиті,False
4,https://t.me/nrpublic/16490,"Лукашенку: повномасштабний конфлікт в Україні можна запобігти, треба сісти за стіл переговорів",False
5,https://t.me/nrpublic/16505,"Лукашенко: Україна сама хотіла конфлікту з Росією і нічого не робила, щоб запобігти йому, а лише нагнітала ситуацію",False
6,https://t.me/nrpublic/16549,"Лукашенко: сумніваюся, що Захід братиме участь у врегулюванні конфлікту в Україні - вважає, що питання мають вирішити ""три слов'янські держави""",False
7,https://t.me/nrpublic/16562,"Пєсков заявив, що мета Росії – денацифікація України: в ідеалі – зачистити країну від нацистів",False
8,https://t.me/nrpublic/16563,"Пісків: терміни російської операції з демілітаризації України визначатимуться Путіним та залежатимуть від її результативності, доцільності",False
9,https://t.me/nrpublic/16567,"Пісків: судячи з опитувань, росіяни підтримують спецоперацію з демілітаризації України",False
10,https://t.me/nrpublic/16568,Пєсков закликав не займатися гіпотетичними міркуваннями щодо майбутнього України.,False
11,https://t.me/nrpublic/16588,Пєсков: Путін готовий провести переговори з керівництвом України про її нейтральний статус і відмову від розміщення озброєнь у разі готовності у відповідь Києва,False
12,https://t.me/nrpublic/16597,"Демілітаризація України означає нейтралізацію її військового потенціалу, який останнім часом був ""добре збільшений"" з-за кордону — Дмитро Пєсков",False
13,https://t.me/nrpublic/16731,Захарова: Росія не має наміру орієнтуватися на реакцію Заходу на події в Україні,False
14,https://t.me/nrpublic/16915,"Путін поговорив з Макроном, телефонну розмову запросила французька сторона Відбувся серйозний та відвертий обмін думками щодо ситуації навколо України, повідомив Кремль.",False
15,https://t.me/nrpublic/16916,"Путін дав Макрону вичерпні роз'яснення причин та обставин ухвалення рішення про війну проти України, повідомив Кремль.",False
16,https://t.me/nrpublic/17029,"Лукашенко: причини подій в Україні криються у керівництві країни, повідомило агентство БелТА.",False
17,https://t.me/nrpublic/17050,"Лавров: Зеленський бреше, коли говорить про готовність обговорювати нейтральний статус України",False
18,https://t.me/nrpublic/17052,Лавров: Ми не бачимо можливості визнавати демократичним нинішній уряд України,False
19,https://t.me/nrpublic/17054,"Пісків: у Кремлі звернули увагу на заяву про готовність Зеленського до переговорів про нейтральний статус України, проаналізуємо його, вважаємо ""швидшим за рухом у бік позитиву""",False
20,https://t.me/nrpublic/17055,Пєсков: Кремль визнає Володимира Зеленського президентом України,False
21,https://t.me/nrpublic/17057,"Лавров: Росія буде готова до переговорів із Україною лише тоді, коли українські війська складуть зброю.",False
22,https://t.me/nrpublic/17058,Лавров: Росія не дозволить неонацистам правити в Україні,False
23,https://t.me/nrpublic/17063,Наришкін: Росія в короткий час встановить мир в Україні і запобіжить більш масштабному конфлікту в Європі,False
24,https://t.me/nrpublic/17067,Лавров: Ніхто не збирається окупувати Україну,False
25,https://t.me/nrpublic/17144,"Кремль: Путін у розмові з Сі Цзіньпіном повідомив, що був би готовий направити делегацію до Мінська для переговорів із представниками України",False
26,https://t.me/nrpublic/17179,"Путін: нацисти в Україні діють як терористи, виставляють системи залпового вогню у Києві та Харкові",False
27,https://t.me/nrpublic/17185,"Путін: Неонацисти виставляють важке озброєння прямо в центрі великих міст України, щоб викликати удар у відповідь",False
28,https://t.me/nrpublic/17192,Путін: Захід має припинити постачати зброю в Україну,False
29,https://t.me/nrpublic/17209,Донька прес-секретаря Путіна Єлизавета Пєскова висловилася проти війни в Україні,False
30,https://t.me/nrpublic/17213,"Пєсков: Кремль вважає надзвичайно небезпечним, коли націоналісти розгортають системи залпового вогню у великих містах України",False
31,https://t.me/nrpublic/17264,Чижов: Росія після операції виведе війська з України,False
32,https://t.me/nrpublic/17267,Чижов: Росії не потрібна територія України,False
33,https://t.me/nrpublic/17528,ФСБ Росії повідомляє: у Ростовській області зафіксовано стрілянину з боку України. А також падіння трьох хв 120 мм у районі Нижньокамишинського у Міллерівському районі. Руйнувань та постраждалих немає.,False
34,https://t.me/nrpublic/17558,"Пісків: 25 лютого Путін у зв'язку з переговорами, що очікувалися, наказав зупинити просування військ в Україні. Сьогодні, через відсутність переговорів, операція відновилася",False
35,https://t.me/nrpublic/17812,"Лукашенко: Конфлікт в Україні - ""це ще квіточки"", треба припинити його",False
36,https://t.me/nrpublic/17814,"Лукашенко: в Україні немає жодного білоруського солдата, жодного патрона Потрібно припинити війну. Я навіть не назвав би це війною. Це – конфлікт. День-два – буде війна. А через три дні – м'ясорубка",False
37,https://t.me/nrpublic/17821,Лукашенко: причиною початку воєнної операції в Україні стала атака з її боку.,False
38,https://t.me/nrpublic/17822,Лукашенко: Росія не відступиться від своїх планів щодо України,False
39,https://t.me/nrpublic/17825,"Лукашенко закликав Київ сісти за стіл переговорів, якщо Україна не хоче втратити державність",False
40,https://t.me/nrpublic/17826,"Лукашенко закликав Україну стати такою державою, як Білорусь – нейтральною, без ядерної зброї",False
41,https://t.me/nrpublic/17829,"Лукашенко: усі чекають у Гомелі на делегацію України, якщо не приїдуть - це їхній вибір",False
42,https://t.me/nrpublic/18008,"Зеленський: Ми з Лукашенком не розмовляли два роки, але цього разу розмова була дуже детальною. Лукашенко запевнив мене, що війська з Білорусії до України не підуть.",False
43,https://t.me/nrpublic/18030,Голова Єврокомісії Урсула фон дер Ляйєн назвала Олександра Лукашенка агресором у війні Росії проти України,False
44,https://t.me/nrpublic/18192,ФСБ попередила про кримінальну відповідальність до 20 років позбавлення волі за збирання та передачу інформації розвідці України,False
45,https://t.me/nrpublic/18258,"Пісков: У багатьох росіян є родичі в Україні, і за те, що відбувається з ними, болять серця",False
46,https://t.me/nrpublic/18259,"Пісків: Постачання країнами Заходу озброєння на Україну - небезпечний, який не сприятиме відновленню порядку",False
47,https://t.me/nrpublic/18260,Пісков: Жителі України часто стають жертвами пропагандистів і не знають реального стану справ,False
48,https://t.me/nrpublic/18477,"Захарова: німецькі постачання озброєнь на Україну змушують задуматися, наскільки було завершено процес денацифікації у самій Німеччині",False
49,https://t.me/nrpublic/18635,"Лукашенко про конфлікт в Україні: дай боже, щоб не переріс у планетарний",False
50,https://t.me/nrpublic/18686,Шойгу: Російська армія продовжить спеціальну військову операцію в Україні аж до досягнення поставленої мети,False
51,https://t.me/nrpublic/18697,"Лавров: Трагедія України — результат потурання західних покровителів злочинного режиму, що там утворився.",False
52,https://t.me/nrpublic/18719,Пєсков: Росія продовжує вважати Зеленського президентом України,False
53,https://t.me/nrpublic/18732,"Лавров: Росія з повагою ставиться до українського народу, не має наміру обмежувати інтереси громадян України",False
54,https://t.me/nrpublic/18741,"Кремль: Путін обговорив із наслідним принцом Абу-Дабі Україну, той констатував право Росії на забезпечення національної безпеки",False
55,https://t.me/nrpublic/18743,"Лавров: Російська мова виганяється з повсякденного побуту в Україні, при цьому нерідкі ситуації, коли за право говорити нею можна поплатитися не тільки роботою, а й життям",False
56,https://t.me/nrpublic/18855,"Росія проводить операцію в Україні ""хірургічно"", заявив Лукашенко",False
57,https://t.me/nrpublic/19087,Лавров: Росія не дозволить Україні отримати ядерну зброю,False
58,https://t.me/nrpublic/19093,"Лавров: український народ обирає свою владу, але вона має представляти всі національності України",False
59,https://t.me/nrpublic/19217,"Лавров сказав, що російські вимоги до України не можна кваліфікувати як її капітуляцію, Москва пропонує домовлятися",False
60,https://t.me/nrpublic/19218,"Лавров: не виключаю, що хтось хотів, щоб Росія загрузла у рукотворному, створеному Заходом конфлікті в Україні",False
61,https://t.me/nrpublic/19219,"Лавров: завдання операції в Україні – визначити конкретні види ударних озброєнь, які ніколи не будуть там розгорнуті",False
62,https://t.me/nrpublic/19221,Лавров: Москва здивована коментарями Берліна по Україні та з постачання зброї.,False
63,https://t.me/nrpublic/19223,Лавров: Росія під час другого раунду переговорів з Україною готова обговорювати питання гарантій безпеки,False
64,https://t.me/nrpublic/19231,"Росія пропонує Україні домовленість, яка забезпечуватиме законні права всіх народів цієї країни.",False
65,https://t.me/nrpublic/19361,"Як далі жити Україні мають обирати українці, а точніше всі ті народи, які живуть в Україні - міністр закордонних справ Сергій Лавров.",False
66,https://t.me/nrpublic/19370,"Пєсков назвав втрати Росії у військовій операції в Україні ""великим горем"", але ""подвиг у боротьбі з нацистами"" увійде в історію",False
67,https://t.me/nrpublic/19520,"Путін: Хід бойових дій в Україні показує, що Росія воює саме з неонацистами",False
68,https://t.me/nrpublic/19529,"Наришкін на засіданні Ради безпеки заявив, що СВР має дані про розробку Україною ядерної зброї А США нібито про це знали і були готові допомогти, передає РИА ""Новости"".",False
69,https://t.me/nrpublic/19668,"Лукашенко: Заходу потрібна війна в Україні, щоб утопити Росію у крові.",False
70,https://t.me/nrpublic/19902,Путін обговорює ситуацію в Україні з прем'єром Ізраїлю Нафталі Бенетом у Кремлі — Пєсков,False
71,https://t.me/nrpublic/19915,"Володимир Путін спростив в'їзд до Росії з територій ДНР, ЛНР та України — Кремль",False
72,https://t.me/nrpublic/20005,Пєсков: Ми справді закінчуємо демілітаризацію України. Ми закінчимо це.,False
73,https://t.me/nrpublic/20279,"Пєсков: Влада покарає тих, хто закликав солдатів-строковиків в Україну",False
74,https://t.me/nrpublic/20342,Російська операція в Україні йде за планом - Лаврів,False
75,https://t.me/nrpublic/20343,"На інші країни ми нападати не плануємо, ми й на Україну не нападали.",False
76,https://t.me/nrpublic/20595,"Переговори між Росією та Україною продовжуються у форматі відеодзвінків, розповів Дмитро Пєсков.",False
77,https://t.me/nrpublic/20694,"Тривалість військової операції в Україні не озвучується, заявив Пєсков. За його словами, всі плани Росії щодо демілітаризації України будуть реалізовані в затверджені заздалегідь терміни.",False
78,https://t.me/nrpublic/20907,"Переговори з представниками України точаться непросто, але є надії на досягнення компромісу, повідомив Лавров.",False
79,https://t.me/nrpublic/20908,"Лавров закликав дати переговорникам Росії та України можливість працювати у спокійній обстановці, без нагнітання істерії",False
80,https://t.me/nrpublic/21021,Путін поки не планує поїздки до зони спецоперації в Україні — Пєсков,False
81,https://t.me/nrpublic/21170,"Сподіваюся, що спецоперація завершиться всеосяжною угодою про нейтральний статус України за гарантій безпеки для неї — Лавров",False
82,https://t.me/nrpublic/21356,"Пєсков: Для Росії було очевидно, що Україна мала намір сама розпочати військову операцію проти Донбасу",False
83,https://t.me/nrpublic/21369,"Росія не проти посередництва країн Заходу в переговорах з Україною, але Москва має чіткі червоні лінії, заявив Лавров.",False
84,https://t.me/nrpublic/21611,Байден: Путін може і має закінчити [Роскомнагляд] дії в Україні,False
85,https://t.me/nrpublic/21856,"ООН: Україну з початку [Роскомнагляд] залишили вже понад 4 мільйони людей Найбільше українських біженців зараз у Польщі — понад 2,3 мільйони",False
86,https://t.me/nrpublic/21857,"Пісков висловився про заклики йти до кінця в Україні: Сталінградів у календарі немає і не повинно бути, тут не місце емоціям",False
87,https://t.me/nrpublic/21920,"Кремль: комісії ООН з розслідування можливих військових злочинів в Україні чекає ""ретельна робота"", Москва зібрала багато свідчень про те, що відбувається",False
88,https://t.me/nrpublic/21976,"Росія за те, щоб гарантії безпеки були надані Україні, Росії та всім європейським країнам.",False
89,https://t.me/nrpublic/22037,Пєсков: Україна у своєму нинішньому стані – ворожа нам країна,False
90,https://t.me/nrpublic/22040,"Пісків: одне із завдань спецоперації в Україні - порятунок ЛНР та ДНР, відновлення їхньої державності в межах 2014 року.",False
91,https://t.me/nrpublic/22254,Білорусь провела в Україні спецоперацію зі звільнення білоруських громадян — Лукашенко,False
92,https://t.me/nrpublic/22267,Пєсков назвав однією з цілей спецоперації в Україні запобігання загрозі Третьої світової війни,False
93,https://t.me/nrpublic/22458,"Немає жодних сумнівів, що цілі та завдання операції в Україні будуть виконані, вони благородні – допомога людям Донбасу – Путін.",False
94,https://t.me/nrpublic/22550,"Інформації про перспективи продовження переговорів з Україною в очному форматі на даний момент немає, кращим майданчиком могла б стати Білорусь – прес-секретар президента Дмитро Пєсков.",False
95,https://t.me/nrpublic/22588,[Роскомнагляд] в Україні триває вже 50 днів,False
96,https://t.me/nrpublic/22600,"У Кремлі не сумніваються, що всі завдання спеціальної операції в Україні будуть виконані, заявив Пєсков.",False
97,https://t.me/nrpublic/22617,"Держсекретар США Ентоні Блінкен сказав європейським союзникам, що [Роскомнагляд] в Україні може тривати до кінця 2022 року Про це пише CNN із посиланням на двох європейських чиновників.",False
98,https://t.me/nrpublic/22660,"Путін провів телефонну розмову із саудівським принцем, обговорили військову операцію в Україні та врегулювання в Ємені, повідомив Кремль.",False
99,https://t.me/nrpublic/22793,Москва не збирається змінювати режим в Україні.,False
100,https://t.me/nrpublic/22794,"Російська операція в Україні спрямована на повне звільнення Донецької та Луганської республік, заявив Лавров.",False
101,https://t.me/nrpublic/22849,"Дмитро Пєсков: Росія передала Україні проект документа з чіткими виробленими формулюваннями, м'яч на стороні Києва",False
102,https://t.me/nrpublic/23094,[Роскомнагляд] в Україні розпочалася рівно 2 місяці тому,False
103,https://t.me/nrpublic/23191,"Путін та Ердоган обговорили телефоном ситуацію в Україні, повідомляє Кремль.",False
104,https://t.me/nrpublic/23214,"Незважаючи на військову операцію в Україні, ми розраховуємо на успіх на переговорах, у Стамбулі було досягнуто прориву — Путін",False
105,https://t.me/nrpublic/23230,"Вона також заявила, що він одружився з ""літньою жінкою"" для збагачення.",False
106,https://t.me/nrpublic/23340,"Дмитро Медведєв запитав, як пилятимуть запрошені Байденом на підтримку України гроші",False
107,https://t.me/nrpublic/23357,"Губернатор Брянської області повідомив про обстріл з території України відділення прикордонного управління ФСБ у селищі Біла Берізка Потерпілих немає, але пошкоджено мережі водо- та електропостачання.",False
108,https://t.me/nrpublic/23399,Росія знає маршрути постачання озброєнь НАТО і розглядає цю зброю на території України як законну мету — Лаврів,False
109,https://t.me/nrpublic/23585,"CNN: Представники США та Заходу вважають, що Росія може офіційно оголосити [Роскомнагляд] Україні 9 травня Після цього в Росії настане військовий стан і буде оголошено загальну мобілізацію.",False
110,https://t.me/nrpublic/23785,"Пісків після заяв Лукашенка про те, що спецоперація в Україні затягнулася: вона йде за графіком",False
111,https://t.me/nrpublic/23903,"Путін: Щиро бажаю українським ветеранам Великої Вітчизняної війни душевної стійкості, доброго здоров'я та довголіття, а всім жителям України – мирного і справедливого майбутнього — Путін",False
112,https://t.me/nrpublic/24034,Він значно прискорить темпи та обсяги постачання зброї Україні до [Роскомнагляду] з Росією,False
113,https://t.me/nrpublic/24164,"[Роскомнагляд] з Росією не було б, якби Україна була частиною НАТО – Зеленський",False
114,https://t.me/nrpublic/24307,Путін обговорив з членами Ради безпеки хід спецоперації в Україні та потенційні загрози від рішення Фінляндії та Швеції приєднатися до НАТО — Пєсков,False
115,https://t.me/nrpublic/24394,"Медведєв: Росії начхати на невизнання зміни кордонів України з боку G7, важлива справжня воля людей, які там проживають",False
116,https://t.me/nrpublic/24439,"[Роскомнагляд] Росії в Україні йде не так, як планувала Москва, вони відступають із Харкова — Столтенберг",False
117,https://t.me/nrpublic/24496,Лукашенко: Україна повністю лягла під Захід,False
118,https://t.me/nrpublic/24499,"Поки що на Заході ми спостерігаємо лише бажання продовжити конфлікт, для цього Україну накачують зброєю, вже створено тисячні підрозділи, щоб під виглядом миротворців увійти до України — Лукашенко",False
119,https://t.me/nrpublic/24503,"Путін: Екстремісти є у всіх країнах, але лише в Україні нацисти героїзуються на державному рівні",False
120,https://t.me/nrpublic/24504,"Путін: В Україні давно спостерігається розгул неонацизму, на що заплющує очі колективний Захід",False
121,https://t.me/nrpublic/24506,"Путін: Біолабораторії США на території України, по суті, займалися розробкою біологічної зброї.",False
122,https://t.me/nrpublic/24570,"Пісков про [Роскомнагляд]* в Україні: Ми впевнені, що переможемо *заборонене слово",False
123,https://t.me/nrpublic/24579,"Українці - талановиті, мирні люди, споріднений Росії народ, але їх дуже довго ""оболванівали"" - Пєсков",False
124,https://t.me/nrpublic/24985,"Українцям доведеться ще просити Мінськ та Москву не допустити ""відриву"" західної України — Лукашенко",False
125,https://t.me/nrpublic/25043,"Медведєв упевнений, що загроза російському Криму є привідом для повноцінної війни За його словами, ідея автономії Криму у складі України — це ""пряме хамство на адресу Росії"".",False
126,https://t.me/nrpublic/25059,"Прем'єр Угорщини Орбан оголосив про введення в країні надзвичайного стану, яке дозволить негайно реагувати на наслідки [Роскомнагляду] в Україні.",False
127,https://t.me/nrpublic/25093,"Путін 25 травня відвідає в одному з московських шпиталів бійців, поранених у ході спецоперації в Україні.",False
128,https://t.me/nrpublic/25120,"Путін і Шойгу приїхали до госпіталю до військовослужбовців, які були поранені в Україні та Донбасі — Росія 1",False
129,https://t.me/nrpublic/25215,Пєсков не став коментувати пророцтва Жириновського про розпад України Прес-секретар президента запропонував дочекатися їх виконання або не виконання.,False
130,https://t.me/nrpublic/25254,"Марія Захарова: США провокують продовольчу кризу в Україні, позбавляючи її запасів зерна",False
131,https://t.me/nrpublic/25304,Терміни спецоперації Росії в Україні зумовлені наказом категорично уникати ударів по цивільній інфраструктурі.,False
132,https://t.me/nrpublic/25427,"Пісків на запитання, що станеться у разі застосування Україною РСЗВ: ""Не говоритимемо про найгірші сценарії""",False
133,https://t.me/nrpublic/25521,"Медведєв назвав нову мету російської спецоперації в Україні: створення нової, неамериканоцентричної системи міжнародної безпеки",False
134,https://t.me/nrpublic/25542,Сьогодні 100 днів з дня початку [Роскомнагляду] в Україні,False
135,https://t.me/nrpublic/25645,"Україна не хоче вести переговори, вона від цього процесу відмовилася.",False
136,https://t.me/nrpublic/25702,"Створено необхідні умови для відновлення залізничного руху між Росією, Донбасом, Україною та Кримом на 6 дільницях — Шойгу",False
137,https://t.me/nrpublic/26016,"Папа Римський критикує Росію за жорстокість в Україні, але каже, що [Роскомнагляд], можливо, спровоковано — Reuters",False
138,https://t.me/nrpublic/26097,Філіп Кіркоров відмовився відповідати на запитання про [Роскомнагляд] в Україні Співак демонстративно мовчки пішов від журналістки.,False
139,https://t.me/nrpublic/26204,"Франція завжди підтримувала Україну, ми зробимо все можливе, щоб Україна виграла цю [Роскомнагляд] — Макрон",False
140,https://t.me/nrpublic/26224,"Лукашенко заявив, що Путін ніколи не просив його брати участь у спецоперації в Україні – Белта",False
141,https://t.me/nrpublic/26225,"Лукашенко заявив, що Мінськ не збирається воювати в Україні, але ""якщо вони вдарять по Мозирю, то ми вдаримо по Києву, не заходячи до України""",False
142,https://t.me/nrpublic/26265,Не ми ж замінували чорноморські порти України — Путін,False
143,https://t.me/nrpublic/26387,Реальний термін можливого вступу України до ЄС - не раніше середини століття - Медведєв,False
144,https://t.me/nrpublic/26471,"Українська армія з початку [Роскомнагляду] втратила близько 10 тисяч убитими, ще близько 30 тисяч поранено — Арестовича в ефірі Гордона",False
145,https://t.me/nrpublic/26667,Путін: істерія навколо вивезення зерна з України через чорноморські порти роздмухується штучно,False
146,https://t.me/nrpublic/26671,Група Little Big переїхала до Лос-Анджелеса через [Роскомнагляд] в Україні Про це повідомляється на офіційному сайті колективу. Сьогодні вранці Ілля Прусікін та компанія випустили антивоєнний кліп.,False
147,https://t.me/nrpublic/26861,Заяви Заходу про неприпустимість переговорів Росії та України на даному етапі є проявом шизофренії.,False
148,https://t.me/nrpublic/26895,[Роскомнагляд] закінчиться перемогою України - Зеленський в інтерв'ю NBC,False
149,https://t.me/nrpublic/26950,"Путін: заклики Заходу продовжувати бойові дії підтверджують наші припущення, що благо України – не мета, а засіб захисту їхніх інтересів",False
150,https://t.me/nrpublic/26983,"Медведєв: слова Черномирдіна про те, що Україна вступить до ЄС ""після Туреччини, а Туреччина ніколи"", актуальні досі",False
151,https://t.me/nrpublic/27230,"Призовників не направляють до зони спецоперації в Україні, заявив Сергій Шойгу",False
152,https://t.me/nrpublic/27399,Путін: Росія ще нічого не починала всерйоз в Україні,False
153,https://t.me/nrpublic/27422,"Лавров: Якщо західні країни хочуть ""перемогти Росію на полі бою"" в ситуації навколо України, то говорити з ними нема про що",False
154,https://t.me/nrpublic/27584,"Західна зброя вже змінює хід [Роскомнагляд], і це ми ще навіть не розпочинали — секретар РНБО України Данилов",False
155,https://t.me/nrpublic/27757,"У ДНР підготували місце для страти іноземців, які брали участь у [Роскомнагляд] на боці України – Пушилін",False
156,https://t.me/nrpublic/27849,"Україну було втрачено, коли її політики відмовилися від слов'янської ідентичності — Лукашенко",False
157,https://t.me/nrpublic/28000,"Медведєв про погрози України нападу на Крим: якщо щось подібне станеться, для них усіх настане судний день",False
158,https://t.me/nrpublic/28199,"Якщо Захід поставить Києву далекобійну зброю, географічні завдання спецоперації в Україні відсунуться ще далі.",False
159,https://t.me/nrpublic/28375,"Шойгу заявив, що вивіз зерна через чорноморські порти України може розпочатися найближчими днями.",False
160,https://t.me/nrpublic/28471,"Лавров: Росія не має упереджень у тому, щоб відновити переговори з Україною щодо ширшого кола питань, але це залежить не від нас",False
161,https://t.me/nrpublic/28689,[Роскомнагляд] в Україні сильно послабила Росію - держсекретар США Блінкен,False
162,https://t.me/nrpublic/28753,"У списках вступників до вузів засекретили дані дітей учасників [Роскомнагляду] в Україні, т.к. вони отримують спеціальні пільги для вступу - ""Комерсант""",False
163,https://t.me/nrpublic/28876,Репер Скриптоніт розпочав свій концерт в Алмати з хвилини мовчання на згадку про жертви січневих протестів у Казахстані та [Роскомнагляд] в Україні,False
164,https://t.me/nrpublic/29496,"Пісків: у Кремлі цінують зусилля Ердогана щодо організації переговорного процесу Росії та України, але делегація українських переговорників ""пішла з радарів""",False
165,https://t.me/nrpublic/29612,"У Красноярську затримано двох прихильників руху ""антифу"", які готувалися підпалити військкомат через [Роскомнагляд] в Україні.",False
166,https://t.me/nrpublic/29737,Екс-президент Росії Медведєв назвав два варіанти майбутнього для чинного президента України Зеленського: трибунал чи повернення у комедійні шоу на другі ролі,False
167,https://t.me/nrpublic/29749,New York Times: [Роскомнагляд] в Україні стала найкривавішим наземним конфліктом у світі з часів Другої світової війни,False
168,https://t.me/nrpublic/29946,"Шойгу: нам достовірно відомо, що ні в кого в НАТО немає сумнівів у тому, що поставлені російським керівництвом цілі спецоперації в Україні будуть досягнуті.",False
169,https://t.me/nrpublic/29947,"Путін: ситуація в Україні підказує, що США намагаються затягнути цей конфлікт За його словами, для утримання гегемонії Заходу потрібні конфлікти, тому вони приготували долю гарматного м'яса.",False
170,https://t.me/nrpublic/30135,"Президент Білорусі Олександр Лукашенко заявив, що його країна не збирається нападати на Україну і не має наміру відправляти співвітчизників воювати",False
171,https://t.me/nrpublic/30273,"ФСБ заявила, що вбивство Дарії Дугіної підготували українські спецслужби Виконавиця - громадянка України Наталія Вовк, яка втекла після злочину в Естонії, стверджує спецслужба.",False
172,https://t.me/nrpublic/30374,"Офіційні особи кажуть, що США оголосять про пакет допомоги Україні на суму 3 мільярди доларів на відзначення Дня Незалежності України та 6-місячної річниці з дня [Роскомнагляд], повідомляє AP",False
173,https://t.me/nrpublic/30488,"Медведєв впевнений у перемозі Росії: Сценаріїв розвитку ситуації в Україні ""всього півтора"": досягнення всіх цілей СВО чи переворот із визнанням підсумків військової операції",False
174,https://t.me/nrpublic/30560,"Спеціальна військова операція Росії на Донбасі та в Україні проводиться для того, щоб не сталося третьої світової війни — Медведєв",False
175,https://t.me/nrpublic/30877,"На території України створюється антиросійський анклав, який загрожує самій Росії, ліквідувати його – мета військової операції – Путін",False
176,https://t.me/nrpublic/31028,"Жахливо, що німецькі озброєння перебувають у руках націоналістів в Україні, які стріляють у російських хлопців.",False
177,https://t.me/nrpublic/31222,"В Україні багато людей, які ненавидять цей режим — Путін",False
178,https://t.me/nrpublic/31225,"Неонацисти і в Росії є, але у нас їх не зводять у ранг національних героїв, як це робить Україна — Путін",False
179,https://t.me/nrpublic/31545,"Росія не відмовляється від переговорів з Україною, але їхнє затягування ускладнює процес, заявив Лавров.",False
180,https://t.me/nrpublic/31560,"Путін провів телефонний дзвінок із Макроном — Кремль Президенти обговорили ситуацію в Україні, зокрема забезпечення безпеки Запорізької АЕС",False
181,https://t.me/nrpublic/31617,"Путін цілодобово перебуває на зв'язку з міністром оборони та іншими воєначальниками, йому повідомляється про будь-які дії російських військових під час спецоперації в Україні — Пєсков.",False
182,https://t.me/nrpublic/31990,"Пісків на питання щодо можливості застосування Росією ядерної зброї в Україні: читайте доктрину, там все написано",False
183,https://t.me/nrpublic/32271,"Путін: Захід перейшов будь-яку межу, безвідповідальні політики говорять про постачання наступального озброєння на Україну, технікою завдаються удари по Росії",False
184,https://t.me/nrpublic/32283,"Ми сьогодні воюємо вже не стільки з Україною, скільки з колективним Заходом — Шойгу",False
185,https://t.me/nrpublic/32296,"Шойгу: Україна втратила вже половину армії – 61 207 загиблих, 49 368 поранених",False
186,https://t.me/nrpublic/32528,Україна остаточно перетворилася на тоталітарну державу нацистського штибу — Лаврів,False
187,https://t.me/nrpublic/33487,"Пісків про прохання Зеленського прийняти Україну в НАТО: чули заяву та бачили різну реакцію, уважно спостерігаємо та пам'ятаємо, що саме орієнтація Києва на альянс стала однією з причин спецоперації.",False
188,https://t.me/nrpublic/33679,"Конфлікту з Україною не було б, якби не спроби України та Заходу розірвати історію — Путін",False
189,https://t.me/nrpublic/34229,Служба безпеки України оголосила Дмитра Медведєва у розшук,False
190,https://t.me/nrpublic/34230,"Дмитра Медведєва розшукують за статтею про посягання на територіальну цілісність та недоторканність України, випливає з бази розшуку.",False
191,https://t.me/nrpublic/34241,Медведєву загрожує до 10 років позбавлення волі в Україні Раніше СБУ оголосили його у розшук.,False
192,https://t.me/nrpublic/34293,"Завдання СВО не змінюються, Україна не повинна бути терористичною державою, якій все дозволено.",False
193,https://t.me/nrpublic/34344,"ФСБ заявила про запобігання теракту в Брянську За даними відомства, громадянин України за завданням СБУ проникнув до Росії і планував влаштувати вибух на складі транспортно-логістичної компанії Брянська.",False
194,https://t.me/nrpublic/34409,"Дмитро Медведєв почав висловлюватися зовсім не дипломатичною мовою Назвав Україну ""країною 404"", а США ""Піндостаном""",False
195,https://t.me/nrpublic/34506,"Поліцейського у Білгородській області підозрюють у передачі Україні інформації з бази даних МВС, його затримали співробітники ФСБ, повідомило джерело РИА Новости",False
196,https://t.me/nrpublic/35293,"Нам відомо про плани України щодо використання ""брудної бомби"" — Путін",False
197,https://t.me/nrpublic/35348,"Екс-президент Росії Медведєв назвав Україну ""міфічною країною"" і передрік їй кінець",False
198,https://t.me/nrpublic/35444,Чи ми здійснили в Україні держпереворот? - Путін,False
199,https://t.me/nrpublic/35519,"Ура-патріотами в Україні керують навіть не ідеї націоналізму, а бажання зберегти в західних банках вкрадені у народу мільярди — Путін",False
200,https://t.me/nrpublic/35564,Медведєв: шлях до стабільності енергозбереження України полягає у визнанні правомірності вимог Росії у рамках спецоперації,False
201,https://t.me/nrpublic/35580,"Дмитро Медведєв побажав Ілону Маску удачі у подоланні ""політичної диктатури у Twitter"", а також порадив ""закінчувати"" зі Starlink в Україні.",False
202,https://t.me/nrpublic/35848,"Якщо Україна довбає по цих судах, винні будемо ми, не згадуючи чим це викликано, а викликано це загрозою для цього гуманітарного коридору — Путін",False
203,https://t.me/nrpublic/35857,"Росія не заздалегідь ""викладатиме на стіл"" свою переговорну позицію щодо України — Путін",False
204,https://t.me/nrpublic/35859,Наша добра воля відома — Путін про переговори з Україною,False
205,https://t.me/nrpublic/35902,"Лише повна та остаточна перемога Росії в Україні є гарантією від глобального конфлікту, до якого світ підштовхує захід — Медведєв",False
206,https://t.me/nrpublic/35973,"Ми вимагали від України гарантій, що атак більше не буде, посередником виступили турецькі партнери Путін",False
207,https://t.me/nrpublic/35975,Росія не перешкоджатиме постачанню зерна з України до Туреччини — Путін,False
208,https://t.me/nrpublic/36078,Лукашенко заявив про відсутність планів направити білоруських військовослужбовців до України,False
209,https://t.me/nrpublic/36097,"Конфлікт в Україні - по суті, протистояння всередині одного народу - Путін",False
210,https://t.me/nrpublic/36102,"Захід впроваджував в Україні псевдоцінності, перекроїв свідомість мільйонів людей, намагався ""піднести ґнот"" до розпаду Росії, — Путін",False
211,https://t.me/nrpublic/36105,Ідея поглинути Україну в Польщі нікуди не поділася,False
212,https://t.me/nrpublic/36546,"Досягти цілей спецоперації можна мирними переговорами, але вони зараз неможливі через позицію української сторони. ""Україна не хоче переговорів, СВО триває"" - Пєсков",False
213,https://t.me/nrpublic/36808,Україна висунула нереалістичні умови,False
214,https://t.me/nrpublic/36809,"Макрон сьогодні підтвердив своє настроє продовжувати контакти з Путіним, щоб знайти шляхи врегулювати конфлікт в Україні — Лавров",False
215,https://t.me/nrpublic/36810,"Чим довше Україна відмовлятиметься від переговорів, тим важче домовитись — Лавров",False
216,https://t.me/nrpublic/36815,"Лавров назвав чутками повідомлення про те, що США готують переговори щодо України",False
217,https://t.me/nrpublic/36817,"Росія продовжить досягати поставленої мети в Україні шляхом ""спеціальної військової операції"" - Пєсков",False
218,https://t.me/nrpublic/36818,"Україна не може і не хоче вести переговори, спецоперація продовжуватиметься — Пєсков",False
219,https://t.me/nrpublic/36819,У Кремлі вважають спробою пограбування з використанням майданчика ООН резолюцію про виплату репарацій Україні - Пєсков,False
220,https://t.me/nrpublic/36820,Пісків про заклик Макрона до переговорів щодо України: Не спостерігаємо столу переговорів,False
221,https://t.me/nrpublic/37402,"Пєсков спростував повідомлення про те, що Путіну перед самітом G20 передавалися якісь проекти мирної угоди з Україною",False
222,https://t.me/nrpublic/37512,Успішне завершення спеціальної військової операції Росії в Україні сумнівів не викликає.,False
223,https://t.me/nrpublic/37698,"Народ України буде звільнений від неонацистських правителів, він заслуговує на дружбу поруч із його слов'янськими братами - Лавров",False
224,https://t.me/nrpublic/38080,"Телефонні шахраї під виглядом співробітників ФСБ дзвонять москвичам найчастіше з України, останнім часом дзвінки почастішали — УФСБ",False
225,https://t.me/nrpublic/38083,"Росія в Україні завдає ударів по інфраструктурі, яка допомагає вбивати росіян.",False
226,https://t.me/nrpublic/38086,США та НАТО безпосередньо беруть участь у конфлікті в Україні — Лаврів,False
227,https://t.me/nrpublic/38164,Найкращий шлях врегулювання ситуації в Україні - Пісков,False
228,https://t.me/nrpublic/38263,Українська влада це вороги Ісуса Христа — Медведєв,False
229,https://t.me/nrpublic/38534,"Війну було розпочато не нами, а 2014 року після державного перевороту в Україні, її розпочали українською владою — Путін",False
230,https://t.me/nrpublic/38535,"Усі партнери у телефонних розмовах мовчать, коли їм кажеш, що вони мали бути гарантами мінських угод — Путін про ситуацію в Україні",False
231,https://t.me/nrpublic/38538,"Націоналістичні угруповання у Польщі сплять і бачать, щоб забрати західні території України, до цього і вестимуть справу — Путін",False
232,https://t.me/nrpublic/38619,"Росія завдає ударів по енергетичній інфраструктурі України, але перші удари завдали ті, хто бив Кримським мостом — Путін",False
233,https://t.me/nrpublic/39475,Захід прагне максимально затягнути військові дії в Україні з метою ослаблення Росії — Шойгу,False
234,https://t.me/nrpublic/39476,"На постачання зброї Україні 27 країн уже витратили $97 млрд, на фронті в Україні перебувають штабні офіцери НАТО, артилеристи та інші фахівці, на Київ працює понад 500 супутників НАТО - Шойгу",False
235,https://t.me/nrpublic/39507,"Противник у ситуації з Україною діяв настирливо та ефективно, Росію дорікнути нема в чому — Путін",False
236,https://t.me/nrpublic/39508,"Ми з фашизмом боремося, в Україні немає. Зі свастиками ходять і наче слава богу, так і треба — Путін",False
237,https://t.me/nrpublic/39648,"В Україні не можна йти проти тієї частини народу, яка вважає себе частиною російського світу, а проти них розгорнули війну, а ми всі терпіли.",False
238,https://t.me/nrpublic/39650,Мета Росії - захист людей в Україні - Путін,False
239,https://t.me/nrpublic/39653,"Ресурси західних країн не перебувають на межі вичерпання, на Україну надходить в основному радянське озброєння, ми все це повибивали, повипали, ця техніка близька до вичерпання — Путін",False
240,https://t.me/nrpublic/39657,"Український ВПК він якщо не обнулився, то стрімко до цього рухається, власної бази не залишиться, а у нас вона тільки зростає — Путін",False
241,https://t.me/nrpublic/39659,"Росія враховує та вважає, скільки на складах в Україні залишилося озброєння — Путін",False
242,https://t.me/nrpublic/39672,"Агресор — Росія, але гроші отримуємо за транзит. Гроші беруть, гроші не пахнуть — Путін про Україну",False
243,https://t.me/nrpublic/39673,"Хто був цікавий у транзиті газу через Україну, той і підірвав ""Північний потік"" - Путін",False
244,https://t.me/nrpublic/39806,"Ми зможемо знищити ЗРК Patriot, якщо його поставлять в Україну — Путін",False
245,https://t.me/nrpublic/39807,На військовій операції в Україні ми діємо на користь громадян Росії — Путін,False
246,https://t.me/nrpublic/40120,Мета спецоперації в Україні - покласти край злочинному нацистському режиму в Києві — Медведєв,False
247,https://t.me/nrpublic/40362,Путін доручив Шойгу ввести з 12.00 6 січня до 24.00 7 січня режим припинення вогню по всій лінії бойового зіткнення сторін в Україні,False
248,https://t.me/nrpublic/40646,Перспектив мирних переговорів з Україною немає.,False
249,https://t.me/nrpublic/40719,"ФСБ повідомила про затримання жителя Твері, який мав намір виїхати в Україну воювати проти російської армії",False
250,https://t.me/nrpublic/40991,Чоловік передавав Україні дані про місцезнаходження російської військової техніки,False
251,https://t.me/nrpublic/41057,"Тільки лінивий не закликає до переговорів щодо України, але США виходять і кажуть: ""не час"" - Лавров",False
